n,std_ms,strassen_ms
4,0.0001,0.00011
6,0.00015,0.00071
8,0.00025,0.00027
10,0.00049,0.00258
14,0.00128,0.00262
16,0.00185,0.00187
20,0.00394,0.0212
28,0.01243,0.02159
32,0.0198,0.01855
36,0.02844,0.23591
40,0.0439,0.21723
48,0.0709,0.22827
64,0.17445,0.18703
90,0.55434,1.50211
100,0.7895,1.45135
128,1.8774,1.32826
256,24.4171,8.79211
302,27.5108,64.1498
416,78.9155,68.3538
512,212.54,60.7499
