n,std_ms,strassen_ms
4,0.0001,7e-05
8,0.00029,0.00033
16,0.00243,0.00435
32,0.02002,0.03584
64,0.19197,0.26088
128,2.05224,1.9464
256,24.3829,12.8736
512,210.466,95.9927
