n,std_ms,strassen_ms
4,0.0001,0.0001
8,0.00031,0.0003
16,0.00321,0.00317
32,0.01985,0.01859
64,0.17675,0.21371
128,1.8679,1.38611
256,23.324,9.12587
512,205.765,66.8599
